"clave","clasificacion","descripcion","cultural"
"1322",Directores y gerentes en comunicación y telecomunicaciones,"Los directores y gerentes de servicios de telecomunicaciones planifican, dirigen y coordinan todo lo relacionado con los servicios que presta la empresa u organización.

Funciones:

• Planificar, dirigir y coordinar los servicios de la empresa u organización.
• Dirigir la selección, instalación, utilización y mantenimiento de los medios de telecomunicación, así como la adquisición de los servicios.
• Planificar las políticas generales de la empresa u organización y coordinar la búsqueda de alternativas y novedades de telecomunicación.
• Vigilar los gastos y asegurar la utilización racional de los recursos.
• Establecer y dirigir los procedimientos operativos y administrativos.
• Realizar otras funciones afines.

Ocupaciones:

• Administrador de televisión.
• Director de radiodifusora.
• Gerente de empresa de telefonía celular.
• Gerente de operaciones en telecomunicaciones.",1
"142","Directores y gerentes de museos, cines y otros establecimientos","Los trabajadores clasificados en este subgrupo se encargan de la dirección, coordinación y planeación de las actividades que se realizan en establecimientos, empresas, instituciones, negocios o áreas dedicados a la producción artística, o que ofrecen servicios de esparcimiento, como discotecas y cines, culturales como museos y teatros, y deportivas como gimnasios y centros deportivos. También en empresas dedicadas a los servicios personales como salones de belleza, estéticas, baños públicos,  tintorerías, lavado de coches, agencias funerarias, velatorios, etcétera.",1
"1421","Directores y productores artísticos de cine, teatro y afines","Las ocupaciones clasificadas en este grupo unitario planean, coordinan y dirigen las actividades relacionadas con la edición de libros, revistas, periódicos y similares; con la filmación de películas, el doblaje de voces y sonidos de series de televisión, películas cinematográficas, etc.; así como la filmación, transmisión y grabación de programas televisivos. Se clasifica además a quienes dirigen la representación de obras de teatro y temas musicales en programas de televisión y/o programas culturales en plazas públicas, palenques, ferias, etcétera.

Funciones:

• Planear actividades relacionadas con la filmación de una película de corto o largo metraje.
• Acordar con el productor, argumentista, actores y técnicos las características de la escenografía, sonido, vestuario, maquillaje, fotografía, etcétera.
• Dirigir tanto los ensayos de las escenas por filmar, como la filmación definitiva.
• Coordinar y supervisar al personal que dobla la voz de actores en películas y series que están en idioma extranjero o que así lo requieran.
• Planear con el productor y/o director de la obra teatral el tipo de fotografía y locaciones.
• Acordar con los especialistas y técnicos las peculiaridades de la escenografía, iluminación, vestuario, sonido, maquillaje, etcétera.
• Seleccionar y contratar al personal: actores, técnicos, especialistas, músicos, cantantes, etcétera.
• Dirigir orquestas, conjuntos musicales o coros de voces, para interpretar diversos tipos de piezas de música.
• Dirigir y coordinar las actividades relacionadas con la selección, corrección, impresión y distribución de libros, revistas, periódicos, boletines, artículos y similares.
• Realizar otras funciones afines.

Ocupaciones:

• Director y productor de arte, editorial, televisión, cine y teatro. 
• Administrador de grupo musical.
• Director de orquesta.",1
"217",Artistas interpretativos,"En este subgrupo se clasifica a los artistas que crean, dirigen e interpretan obras musicales; realizan arreglos y adaptaciones a las mismas y tocan uno o varios instrumentos musicales; a los que actúan y/o bailan en obras teatrales, de danza, cinematografía, en programas de televisión u otros espectáculos artísticos. También se clasifica aquí a los trabajadores que diseñan y dirigen la coreografía para la realización de eventos artísticos y culturales.",1
"172","Coordinadores y jefes de área en museos, cines y otros establecimientos","Este subgrupo reúne las ocupaciones que realizan funciones de planeación, organización y coordinación (y algunas veces supervisión) de personal subalterno que participa en la ejecución de actividades artísticas, en la prestación de servicios de esparcimiento como discotecas y cines, culturales como museos y teatros, y deportivas como gimnasios y centros deportivos.

Incluye: También incluye a encargados y coordinadores de personal que participa en actividades dedicadas a los servicios personales como salones de belleza, estéticas, baños públicos, tintorerías, lavado de coches, agencias funerarias, velatorios, etcétera.",1
"1721","Coordinadores y jefes de área en actividades artísticas, de cine, teatro y afines","Los trabajadores clasificados en este grupo unitario funciones de planeación, organización y coordinación de personal subalterno que participa en la elaboración y ejecución de actividades artísticas tales como la puesta en escena de obras de teatro, producción de programas televisivos, películas, etcétera.

Funciones:

• Programar, organizar y seleccionar artistas y personal en producciones teatrales, de televisión, radio, video y películas.
• Programar, organizar y seleccionar material durante las ediciones de libros, periódicos, revistas y similares.
• Representar y promover a artistas y deportistas ante posibles empresarios y productores  de espectáculos.
• Negociar contratos de prestación de servicios y de difusión de las obras y de los artistas.
• Realizar otras funciones afines.

Ocupaciones:

• Coordinador de bailarines.
• Jefe de producción de televisora.
• Representante y promotor artístico y deportivo.

Incluye: A los representantes de artistas y deportistas.",1
"1722","Coordinadores y jefes de área en museos, cines, deportivos y servicios culturales","Los trabajadores clasificados en este grupo unitario realizan funciones de planeación, organización y coordinación de personal subalterno que participa en la prestación de servicios culturales de esparcimiento en museos, bibliotecas, teatros, cines, zoológicos, servicios turísticos, etcétera. 

Funciones:

• Planear y coordinar las actividades de personal subalterno, en la prestación de servicios culturales en bibliotecas, museos, casas de cultura, cines, teatros, etcétera.
• Supervisar que la prestación de los servicios turísticos se den bajo las normas y lineamientos establecidos.
• Revisar de forma sistemática la ejecución del trabajo del personal a su cargo.
• Elaborar reportes sobre la situación de los servicios prestados y proponer mejoras.
• Realizar otras funciones afines.

Ocupaciones:

• Coordinador de cultura y deporte.
• Coordinador de eventos sociales.Jefe de biblioteca.",1
"2131","Antropólogos, arqueólogos e historiadores","Las ocupaciones clasificadas en este grupo unitario investigan, analizan, registran e interpretan datos históricos indagando en fuentes diversas tales como documentos oficiales, registros institucionales, periódicos, revistas, fotografías, entrevistas, películas y manuscritos no publicados como diarios personales y cartas, entre otros.

Funciones:

• Reunir, analizar y reportar información sobre datos físicos, costumbres sociales y artefactos del ser humano, tales como: herramientas, cerámica y vestimenta.
• Observar y medir variaciones corporales y atributos físicos de razas humanas existentes.
• Estudiar culturas, en particular sociedades no occidentales o preindustriales, incluyendo religión, economía, creencias y tradiciones, así como la vida artística e intelectual.
• Estudiar adaptaciones físicas y fisiológicas a diferentes ambientes y características hereditarias de las poblaciones existentes.
• Estudiar colecciones de esqueletos y fósiles humanos para determinar su significado en términos de la evolución humana a largo plazo.
• Estudiar, clasificar y analizar artefactos u objetos respecto de rasgos arquitectónicos y diferentes tipos de estructuras recuperadas en excavaciones a fin de determinar la edad e identidad cultural.
• Establecer la secuencia cronológica del desarrollo de cada cultura en niveles que van desde el más simple hasta el más avanzado.
• Realizar investigaciones históricas sobre temas de importancia para la sociedad; presentan hallazgos y teorías en libros, periódicos y otras publicaciones.
• Reunir datos históricos mediante la consulta de fuentes, como archivos, registros judiciales, diarios, archivos de noticias, entre otros diversos materiales publicados e inéditos.
• Analizar el desarrollo histórico en campos como la economía, sociología o filosofía.
• Revisar publicaciones y exhibiciones preparadas por otras personas antes de su lanzamiento al público a fin de garantizar la precisión histórica de las exposiciones.
• Consultar a expertos o testigos sobre acontecimientos y hechos históricos.
• Realizar otras funciones afines. 

Ocupaciones:

• Antropólogo, arqueólogo y paleontólogo.
• Historiador.
• Perito de antropología forense.

Incluye: A los especialistas que estudian el origen, desarrollo y comportamiento de los seres humanos; el modo de vida, el lenguaje y las características físicas de las culturas que existen en diversas partes del mundo. Pueden dedicarse a la recuperación y examen sistemáticos de restos materiales, tales como herramientas o alfarería de culturas humanas antiguas, a fin de determinar la historia, costumbres y hábitos de vida de civilizaciones anteriores.",1
"214",Investigadores y especialistas en ciencias humanistas,"En este subgrupo se clasifican a los investigadores y especialistas en ciencias humanistas que elaboran estudios, proyectos, programas e investigaciones y brindan asesoría sobre temas relacionados con el comportamiento humano, el conocimiento y la cultura; como son los psicólogos, trabajadores sociales,  filósofos, especialistas en lenguas y culturas, y los teólogos y ministros de cultos.",1
"2144","Especialistas en archivonomía, biblioteconomía y museografía","Las ocupaciones clasificadas en este grupo unitario se encargan de investigar, estudiar y evaluar obras de diversa índole de interés histórico, cultural o artístico a fin de incorporarlas en colecciones existentes o en nuevas y garantizar su preservación en condiciones seguras; organizar tales colecciones y exhibirlas en museos e instituciones y establecimientos similares; ampliar y conservar colecciones sistemáticas de obras publicadas, grabaciones sonoras y películas y ponerlas a disposición de los usuarios en las bibliotecas, archivos y otras instituciones similares.

Funciones:

• Organizar, ampliar y conservar sistemáticamente colecciones de libros, revistas, informes y otras obras disponibles en forma impresa o en forma audiovisual.
• Ordenar y clasificar libros, documentos y objetos en bibliotecas, museos o centros de documentación, para su fácil localización.
• Organizar y administrar servicios de préstamo y redes de información a disposición de los usuarios.
• Decidir la distribución de muebles y estantería, cuidando las condiciones de humedad, luz, asepsia (limpieza de microbios) y temperatura.

• Proteger los libros y documentos de la humedad, roedores, etcétera.
• Recomendar y asesorar a los usuarios para localizar datos e información que requieran.
• Dirigir o efectuar la clasificación y catalogación de las colecciones existentes en museos y galerías de arte, y organizar exposiciones.
• Organizar, ampliar y conservar colecciones de interés o valor artístico, cultural, científico o histórico en museos o galerías de arte.
• Realizar otras funciones afines. 

Ocupaciones:

• Bibliotecónomo. 
• Archivónomo. 
• Museógrafo.",1
"215","Autores, periodistas y traductores","En este subgrupo se clasifica a los especialistas que escriben obras literarias (novelas, ensayos, cuentos, poesía o teatrales), periodísticas o informativas para su publicación y/o representación escénica, cinematográfica, radiofónica o televisiva.

Incluye: A quienes redactan críticas sobre obras literarias, artísticas y musicales. En este subgrupo se clasifica además a los traductores e intérpretes, que  traducen documentos o alocuciones de un idioma a otro para hacer accesible su contenido a quienes no comprenden el idioma original.",1
"2152",Periodistas y redactores,"Las ocupaciones clasificadas en este grupo unitario recaban, redactan y comentan información sobre acontecimientos, eventos y sucesos de cualquier orden para su difusión en diarios, revistas, radio o televisión.

Funciones:

• Investigar y compilar información para redactar textos sobre acontecimientos y sucesos de interés general o de temas específicos, con base en el perfil de la publicación.
• Comentar y opinar sobre eventos de tipo político, económico, social, cultural, deportivo, artístico, policíaco, en programas de radio, televisión, así como en diarios y revistas.
• Corregir el léxico, sintaxis y ortografía de textos a difundir.
• Entrevistar a personajes (artistas, políticos, deportistas, etc.) y redactar artículos de fondo, crónicas de sucesos y reportajes de interés general.
• Analizar y redactar noticias obtenidas por otros medios informativos para difundirlas y/o publicarlas a través de los diferentes medios de información.
• Realizar otras funciones afines.

Ocupaciones:

• Periodista y reportero.
• Redactor.
• Corrector de estilo.

Incluye: A quienes revisan los originales de libros, artículos, ensayos, etc., para determinar su posibilidad de publicación, tipo de mercado al que va dirigido, etcétera.",1
"216","Pintores, diseñadores y dibujantes artísticos, escultores y escenógrafos","En este subgrupo se clasifica a los artistas que realizan la creación y diseño de obras de artes plásticas, como: esculturas, pinturas, murales, caricaturas, dibujos, grabados, etcétera. También se clasifica aquí a los creativos que diseñan la escenografía para la realización de eventos artísticos y culturales.",1
"2163",Escultores,"Las ocupaciones clasificadas en este grupo unitario crean esculturas figurativas o abstractas en tres dimensiones o en relieve, modelando y combinando materiales como madera, piedra, arcilla o metal, etcétera.

Funciones:

• Crear figuras decorativas y representativas en tres dimensiones, o en relieve, dando forma a materiales como, madera, piedra, arcilla o metal.
• Esculpir objetos a partir de piedra, concreto, yeso, madera u otro material, usando abrasivos y herramientas, como cinceles, gubias y mazos.
• Construir formas artísticas a partir de metal o piedra, mediante herramientas o equipos para labrar el metal, para soldar o de cantería.
• Cortar, doblar, laminar, organizar y sujetar o unir productos y materias primas o manufacturadas individuales o mezclados para elaborar obras de arte.
• Modelar sustancias, como arcilla o cera, utilizando los dedos y herramientas manuales pequeñas para formar objetos artísticos.
• Elaboran estudios y bocetos que les ayuden a plasmar la obra definitiva.
• Realizar otras funciones afines.

Ocupaciones:

• Escultor.
• Restaurador de esculturas.",1
"2164",Escenógrafos,"Las ocupaciones clasificadas en este grupo unitario diseñan escenografía para películas, televisión y teatro. Para ello estudian libretos, intercambian ideas con los directores y llevan a cabo investigaciones para determinar los estilos arquitectónicos apropiados.

Funciones:

• Integrar los requisitos, incluyendo guión, investigación, presupuesto y locaciones disponibles para desarrollar el escenario.
• Investigar y consultar a expertos para determinar los estilos arquitectónicos y de mobiliario para representar ciertos periodos o locaciones.
• Coordinar la construcción, levantamiento o decoración de escenarios para garantizar que cumplen con los requisitos de diseño, presupuesto y programación.
• Seleccionar mobiliario, cortinas, pinturas, lámparas y alfombras que tengan la calidad y apariencia decorativa necesaria.
• Preparar borradores y dibujos a escala de los escenarios, incluyendo planos, escenografía y accesorios que se deben construir.
• Presentar dibujos para su aprobación y hacer cambios y correcciones según se indique.
• Diseñar y construir modelos a escala del diseño del escenario o escenarios en miniatura que se usan en la filmación de fondos o efectos especiales.
• Realizar otras funciones afines.

Ocupaciones:

• Escenógrafo  y tramoyista.",1
"2171",Compositores y arreglistas,"Las ocupaciones clasificadas en este grupo unitario idean, escriben y/o adaptan obras musicales  y canciones.

Funciones:

• Seleccionar el género y la temática de las piezas musicales a componer.
• Grabar en un “demo” las composiciones a ser reproducidas.
• Escribir la partitura base de la composición o arreglo musical a ejecutar por ellos u otros artistas.
• Escribir las partituras de los diferentes instrumentos o voces.
• Registrar, conforme a la ley, los derechos de autor de sus composiciones o arreglos.
• Realizar otras funciones afines.

Ocupaciones:

• Compositor de música y músico arreglista.",1
"2172",Músicos,"Las ocupaciones clasificadas en este grupo unitario tocan uno o varios instrumentos musicales como solistas, acompañando a cantantes o como integrantes de un grupo instrumental o para hacer presentaciones en programas radiofónicos y televisivos y/o en otros establecimientos.

Funciones:

• Estudiar y ensayar las composiciones musicales a interpretar.
• Interpretar, mediante la ejecución de un instrumento musical, diversas composiciones musicales, como solistas o bajo la conducción de un director de orquesta.
• Seleccionar y afinar los instrumentos musicales.
• Realizar otras funciones afines.

Ocupaciones:

• Pianista, organista.
• Guitarrista.
• Mariachi.",1
"2175",Actores,"Las ocupaciones clasificadas en este grupo unitario representan papeles dramáticos, cómicos, etc., de acuerdo a un guión y siguiendo las indicaciones de un director, para encarnar a  personajes en filmaciones, obras de teatro, televisión y espectáculos.

Funciones:

• Analizar las características del personaje a representar y las características de su contexto. Para ello, estudian el guión o libreto.
• Memorizar los parlamentos del libreto y ensayan su entonación de acuerdo a las instrucciones del director.
• Ensayar los gestos y movimientos que deben acompañar al parlamento  –diálogos– para matizar su actuación de acuerdo con las indicaciones del director y con los requerimientos de la puesta en escena.
• Representar, frente a las cámaras de televisión y cine o frente al público, diversos papeles dramáticos o cómicos.
• Realizar otras funciones afines.

Ocupaciones:

• Actor.
• Comediante.
• Imitador.",1
"2271",Desarrolladores y analistas de software y multimedia,"Las ocupaciones clasificadas en este grupo unitario desarrollan, crean y modifican programaciones para aplicaciones informáticas generales o programas utilitarios especializados; investigan, diseñan, desarrollan y programan sitios de internet e intranet.

Funciones:

• Analizar las necesidades del usuario y desarrollar soluciones mediante programas.
• Diseñar programas o adaptarlos según el uso al que los destine el usuario con la finalidad de elevar al máximo la eficiencia operacional.
• Analizar y diseñar bases de datos dentro de una esfera de aplicación, mediante trabajo individual o coordinando el desarrollo de la base de datos como parte de un equipo.
• Consultar a los clientes sobre sus necesidades de diseño de los sistemas de software y mantenimiento.
• Obtener y evaluar la información sobre formatos de presentación de informes necesarios, los costos y las necesidades de seguridad para determinar la configuración de hardware.
• Analizar información para determinar, recomendar y planificar las especificaciones y el diseño o modificaciones del equipo y de los periféricos.
• Consultar con los clientes para desarrollar y documentar los requisitos del sitio web.
• Preparar los diagramas, maquetas y guiones gráficos.
• Desarrollar la arquitectura del sitio web y determinar los requisitos de hardware y software.
• Seleccionar, organizar y suministrar la información para incorporarla al sitio, diseñar la apariencia, contenido y el flujo de las páginas web.
• Crear y optimizar el contenido del sitio web utilizando una variedad de gráficos, bases de datos, animación y otros programas.
• Planificar, diseñar, escribir, modificar, integrar y probar los códigos del sitio web.
• Realizar pruebas y llevar a cabo controles de calidad y de seguridad.
• Dirigir y coordinar los equipos multidisciplinarios para desarrollar el sitio web de gráficos, contenido, capacidad y la interactividad.
• Determinar en colaboración con los analistas informáticos los objetivos perseguidos con el programa a desarrollar, la naturaleza y fuentes de datos que suministrarán al programa y ordenar, y establecer los controles necesarios.
• Elaborar gráficos y diagramas para describir y determinar en qué secuencias habrá que proceder al registro y tratamiento de los datos.
• Desarrollar y proporcionar documentación detallada sobre los programas informáticos, utilizando para ello diversos lenguajes de programación.
• Elaborar pruebas de los programas elaborados para eliminar o corregir deficiencias o errores.
• Mantener actualizados los programas.
• Redactar y revisar procedimientos de diseño, procedimientos de prueba y normas de calidad de programas y sistemas.
• Elaborar diagramas y organigramas para ilustrar los procedimientos o pasos a seguir y describir los procedimientos operativos lógicos para la operación del programa.
• Realizar otras funciones afines.

Ocupaciones:

• Analista de sistemas y programador de  software.
• Asesor y consultor informático.
• Diseñador de páginas WEB.
• Diseñador de programas de computación.
• Ingeniero en sistemas y desarrollador de software.",1
"2425",Especialistas en medicina tradicional y alternativa,"Las ocupaciones clasificadas en este grupo unitario proporcionan formas alternativas de asistencia a la salud para los pacientes como son la acupuntura, electropuntura, homeopatía, entre otros sistemas de medicina alternativa en clínicas, asociaciones de salud, “spas”, tiendas de alimentos naturistas o en consultorios privados.

Funciones:

• Diagnosticar enfermedades y lesiones de los pacientes y tratarlos usando hierbas y otras medicinas y suplementos dietéticos.
• Aconsejar a los pacientes sobre el uso de hierbas para el tratamiento de padecimientos tales como artritis, reumatismo, asma, trastornos de la piel y malestares estomacales.
• Diagnosticar enfermedades y tratarlas administrando, en forma química o herbal, pequeñas dosis de la misma enfermedad o sugiriendo cambios en el estilo de vida.
• Aplicar presión suave con los dedos en puntos específicos del cuerpo del paciente para provocar la relajación, una mejor salud y bienestar.
• Manipular sistemáticamente varias partes del cuerpo como las piernas y los hombros para realinear la estructura del cuerpo y reducir los dolores crónicos y el estrés.
• Realizar otras funciones afines.

Ocupaciones:

• Acupunturista.
• Homeópata.
• Otros médicos tradicionales o alternativos.",1
"254","Diseñadores de modas, industriales, gráficos y decoradores de interiores","En este subgrupo se clasifica a los artistas que diseñan productos (envases, telas, prendas de vestir, zapatos, entre otros productos) para su producción industrial. Se clasifica también a quienes diseñan la decoración interior y el mobiliario de casas, edificios públicos (museos, jardines, etc.), escaparates, barcos y otros lugares. Asimismo se clasifica en este grupo unitario a los diseñadores gráficos que conciben o adaptan y realizan dibujos, textos, logos, etc., para diagramar e ilustrar o realizar animaciones para libros, revistas, material publicitario, créditos y/o entradas y salidas de películas o programas de televisión.",1
"2541",Diseñadores de moda y vestuario,"Las ocupaciones clasificadas en este grupo unitario diseñan prendas de vestir y accesorios siguiendo las tendencias reconocidas de la moda; para ello desarrollan la línea de colores o de géneros.

Funciones:

• Diseñar ropa a la medida para clientes.
• Dibujar patrones para el diseño de artículos, cortar materiales de acuerdo a los patrones, mediante instrumentos de diseño y tijeras.
• Asistir a eventos de modas y analizar revistas de modas y manuales para identificar las tendencias de la moda, predicciones y preferencias de los consumidores.
• Formar maquetas o muestras de la prenda o del artículo.
• Dirigir y coordinar a empleados que dibujan y cortan patrones.
• Elaborar prendas terminadas como muestrario.
• Organizar la presentación de prendas de muestra en reuniones de ventas o eventos de modas.
• Discutir con ejecutivos de ventas y de administración o con los clientes lo referente a ideas de diseño.
• Hacer borradores o dibujos detallados de prendas o accesorios; escribir especificaciones como esquemas de colores, elaboración y tipo de material.
• Analizar, en coordinación con el productor y el director de arte, la época y el lugar en que está situada la acción, así como las características de los personajes, a fin de determinar las características del vestuario y los accesorios a confeccionar.
• Diseñar los diferentes atuendos y accesorios de los actores y los extras en cada escena.
• Seleccionar los materiales y presupuestar la elaboración de los atuendos y accesorios.
• Supervisar la elaboración del vestuario y los accesorios, antes y durante la filmación o grabación de las escenas.
• Realizar otras funciones afines.

Ocupaciones:

• Diseñador de accesorios.
• Diseñador de alhajas.
• Diseñador de calzado.
• Diseñador de modas.
• Diseñador de industria del vestido.
• Diseñador de prendas de vestir.",1
"2542",Diseñadores industriales,"Las ocupaciones clasificadas en este grupo unitario diseñan productos (envases, telas, zapatos, entre otros productos) para su fabricación industrial.

Funciones:

• Crear diseños de envases, zapatos, muebles, juguetes, etc., tratando de conjugar el aspecto estético con las exigencias técnicas y comerciales.
• Analizar e interpretar las ideas y necesidades (o problemas de comunicación) que les plantean los clientes o jefes inmediatos, para determinar estilo, procedimiento, material, etc., a utilizar  en el diseño.
• Preparar las especificaciones de los productos diseñados y calcular el costo de los materiales y el tiempo para su elaboración.
• Elaborar originales de los diagramas o ilustraciones, efectuando montajes y/o formateando en la computadora los textos y elementos gráficos para su aprobación final.
• Realizar otras funciones afines.

Ocupaciones:

• Diseñador de productos industriales.
• Diseñador automotriz.
• Diseñador de circuitos integrados.
• Diseñador de cocinas integrales.
• Diseñador de equipo industrial.
• Diseñador de equipos de seguridad.
• Diseñador de estructuras metálicas.
• Diseñador industrial.",1
"2543",Diseñadores gráficos,"Las ocupaciones clasificadas en este grupo unitario conciben o adaptan y realizan dibujos, textos, logos y similares para diagramar e ilustrar o realizar animaciones para libros, revistas, material publicitario, créditos y/o entradas y salidas de películas o programas de televisión.

Funciones:

• Analizar e interpretar las ideas, necesidades o problemas de comunicación que les plantean los clientes o jefes inmediatos, para determinar estilo, procedimiento, material, etcétera.
• Crear y bocetar “dummys” como modelos o maquetas de las ilustraciones, en uno o más colores, para su aprobación y reproducción en revistas, material publicitario o promocional en video.
• Preparar las especificaciones para los diseños y calcular el costo de los materiales y el tiempo requerido para su elaboración.
• Elaborar originales de los diagramas o ilustraciones, efectuando montajes y/o formateando      en la computadora los textos y elementos gráficos para su aprobación final.
• Realizar otras funciones afines.

Ocupaciones:

• Ayudante de diseñador gráfico.
• Diseñador gráfico publicista (técnico).
• Diseñador publicitario (técnico).
• Técnico en artes gráficas.
• Técnico en diseño gráfico.",1
"2544","Decoradores de interiores, jardines y diversos materiales (tazas, llaveros, etcétera)","Las ocupaciones clasificadas en este grupo unitario diseñan la decoración interior y el mobiliario de casas, edificios públicos, escaparates, barcos y otros lugares. También se clasifica a quienes realizan el diseño y decorado de jardines, arreglos florales y de diversos materiales tales como tazas, llaveros, camisetas, vasijas, etcétera.

Funciones:

• Analizar e interpretar las ideas, necesidades o problemas de comunicación que les plantean los clientes o jefes inmediatos, para determinar estilo, procedimiento, material, etcétera.
• Diseñar la decoración interior y el mobiliario de casas y edificios públicos, como museos, galerías, jardines, etcétera.
• Diseñar y realizar efectos decorativos para utilizar en escaparates y otros lugares donde se exhiben artículos.
• Diseñar arreglos florales utilizando naturaleza muerta, artículos de ornato artificial y flores y frutas naturales.
• Decorar tazas, llaveros, camisetas, vasijas y otros productos a petición del cliente.
• Realizar otras funciones afines.

Ocupaciones:

• Ayudante de decorador.
• Decorador de aparadores comerciales.
• Decorador de arreglos florales.
• Decorador de carros alegóricos.
• Decorador de globos.
• Decorador de salones de eventos.
• Diseñador de interiores.",1
"255","Locutores, animadores y payasos","Las ocupaciones clasificadas en este subgrupo realizan funciones de entretenimiento al público, ejecutando números o actos de entretenimiento, espectaculares o emocionantes en circos, programas de televisión, casas particulares y en otros establecimientos del ramo.

También se cataloga a los animadores  y organizadores de eventos culturales, deportivos y sociales. Son clasificados aquí los trabajadores que realizan dichas actividades a partir de un contrato verbal o por escrito.",1
"2551","Locutores de radio, televisión y otros medios de comunicación","Las ocupaciones clasificadas en este grupo unitario transmiten oralmente, por medio de un micrófono, comerciales, noticias, comentarios, eventos de tipo político, social y deportivo en programas de radio, televisión, teatros, salas de fiestas y otros lugares destinados a espectáculos.

Funciones:

• Revisar la guía de continuidad para detectar cambios en la programación correspondiente.
• Transmitir y/o grabar comerciales, programas culturales, noticiosos, reportajes, eventos, etcétera.
• Animar programas de entretenimiento, musicales, etcétera.
• Presentar, comentar y entrevistar a personajes relacionados con eventos de tipo político, artístico, deportivo, social, etcétera.
• Realizar otras funciones afines.

Ocupaciones:

• Cronista de radio.
• Comentarista de radio y televisión.",1
"2552",Animadores y organizadores de eventos,"Las ocupaciones clasificadas en este grupo unitario organizan, presentan y animan actividades culturales, espectáculos artísticos o deportivos, en establecimientos como: plazas de toros, estadios, circos, centros nocturnos, centros sociales, etcétera.

Funciones:

• Anunciar y animar la realización de los eventos y presentar a los participantes en los eventos culturales, espectáculos artísticos o deportivos, en establecimientos como: plazas de toros, estadios, circos, centros de convenciones, etcétera.
• Actuar como maestro de ceremonias, presentar a los invitados o personalidades en eventos culturales, deportivos, sociales, políticos y en espectáculos.
• Planear y organizar eventos sociales, culturales y deportivos.
• Realizar otras funciones afines.

Ocupaciones:

• Animador y maestro de ceremonias.
• Organizador de eventos.",1
"2553","Payasos, mimos y cirqueros","Las ocupaciones clasificadas en este grupo unitario interpretan números de fantasía, malabarismo, acrobacia y otros actos con el fin de divertir y entretener al público en circos o en otros establecimientos.",1
"2625",Dibujantes técnicos,"Las ocupaciones clasificadas en este grupo unitario diseñan, trazan o delinean planos y dibujos arquitectónicos, topográficos, estructurales para la construcción de edificios, puentes y carreteras; preparan diagramas de cableado, diagramas de montaje de la placa del circuito y diagramas de distribución que se emplean en la fabricación, instalación y reparación de equipos eléctricos en fábricas, plantas generadoras y edificios; preparan diagramas detallados de maquinarias y dispositivos mecánicos, incluidas dimensiones, métodos de fijación y demás información de ingeniería.

Funciones:

• Examinar y estudiar croquis, bocetos y notas para verificar dimensiones y especificaciones del proyecto.
• Integrar un paquete con los planos e informes de la obra.
• Calcular dimensiones y superficies para trazar planos y dibujos arquitectónicos, topográficos, y estructurales.
• Dibujar y trazar, a escala, planos arquitectónicos, topográficos, diagramas para obras de construcción (edificios, puentes, embalses, carreteras, etcétera).
• Construir maquetas para representar, a escala, los proyectos arquitectónicos.
• Preparar diagramas de cableado, diagramas de montaje de la placa del circuito y diagramas de distribución que se emplean en la fabricación, instalación y reparación de equipos eléctricos en fábricas, plantas generadoras y edificios.
• Preparar diagramas detallados de maquinarias y dispositivos mecánicos, incluidas dimensiones, métodos de fijación y demás información de ingeniería.
• Realizar otras funciones afines.

Ocupaciones:

• Dibujante técnico, dibujante de planos y constructor de maquetas.
• Rotulista.",1
"2636",Mecánicos en mantenimiento y reparación de instrumentos de precisión y musicales.,"Los trabajadores clasificados en este grupo unitario instalan, reparan y dan mantenimiento a instrumentos y sistemas de medición y/o control industriales.

Funciones:

• Probar y ajustar los componentes de los sistemas e instrumentos de medición y control industriales.
• Construir, reparar y afinar instrumentos musicales de todo tipo: guitarras, pianos, etcétera.
• Ajustar y reparar relojes mecánicos e instrumentos de precisión.
• Ajustar y reparar instrumentos de óptica.
• Ajustar y reparar aparatos médicos y ortopédicos.
• Realizar otras funciones afines.

Ocupaciones:

• Mecánico en instrumentos de precisión (máquinas de coser y de escribir, velocímetros, etcétera).
• Constructor de pianos y artesano en la elaboración de guitarras.",1
"2652",Técnicos en operaciones de equipos de radio.,"Las ocupaciones clasificadas en este grupo unitario operan equipos de radiotelegrafía o radiotelefonía para recibir y transmitir comunicaciones.

Funciones

• Comunicarse por radio con pilotos de pruebas, personal técnico, entre otros durante pruebas de vuelo para transmitir información.
• Manejar controles o interruptores para activar la energía eléctrica, ajustar el volumen y modulación de voz y colocar el transmisor en la frecuencia especificada.
• Comunicarse con el operador receptor para dar y recibir instrucciones para la transmisión o para la atención a clientes.
• Operar equipo de grabación de sonidos para grabar señales y conservar la transmisión para su análisis posterior o documentar comunicaciones.
• Registrar en la estación mensajes transmitidos y recibidos para documentar las actividades realizadas.
• Controlar frecuencias de emergencia para llamadas de auxilio y enviar equipos de emergencia.
• Realizar otras funciones afines.

Ocupaciones:

• Operador de radio y radiotelegrafista.",1
"2712",Instructores en estudios y capacitación artística.,"Las ocupaciones clasificadas en este grupo unitario imparten cursos de arte, incluidas las bellas artes y las artes aplicadas, tales como la pintura y la escultura, o el diseño y las artesanías. Dan instrucción artística en centros y escuelas de arte, casas de cultura y otras instituciones.

Funciones:

• Enseñar técnicas artísticas para desarrollar habilidades de las personas relacionadas con el dibujo, pintura, música, danza, teatro, etcétera.
• Montar espectáculos, exposiciones y demostraciones de alguna disciplina (teatro, baile, fotografía, etcétera).
• Elaborar, aplicar y evaluar exámenes, pruebas, tareas y trabajos artísticos a fin de constatar el aprendizaje de los alumnos.
• Realizar otras funciones afines.

Ocupaciones:

• Instructor y capacitador de baile y de canto.
• Instructor y capacitador de instrumentos musicales.
• Instructor y capacitador de pintura, escultura y artes plásticas.",1
"3222","Guías de turismo en museos, casinos, parques, cines y otros centros recreativos","Los trabajadores clasificados en este grupo unitario acompañan a personas y grupos en visitas, giras o excursiones turísticas, informan a los turistas sobre las características e historia de museos, monumentos, templos y otros lugares de interés durante los recorridos en los viajes; y prestan otros servicios en calidad de guías turísticos.

Funciones:

• Acompañar a turistas a museos y exposiciones e informarles al respecto.
• Acompañar a turistas en giras, excursiones o visitas y describir los lugares y monumentos de interés turístico.
• Dirigir excursiones de alpinismo, caza o pesca y actividades de ecoturismo.
• Establecer itinerarios de recorridos y visitas a lugares turísticos, para lo cual consideran los tiempos de estancia, así como el tipo y la profundidad de la información a proporcionar sobre los lugares de interés turístico.
• Programar y organizar actividades de esparcimiento y recreación.
• Proporcionar información sobre las instalaciones, opciones de entretenimiento, así como reglas y reglamentos en museos, casinos, parques, cines, ferias, clubs deportivos y otros lugares recreativos.
• Atender estantes, módulos o casetas en parques, carnavales, ferias o estadios.
• Anunciar y describir a los visitantes las características de los animales y plantas de los zoológicos, parques, reservas naturales, acuarios y similares.
• Asesorar y demostrar el uso de los equipos e instalaciones de los parques y centros recreativos tales como máquinas de juegos, botes, canoas, lanchas de motor, carritos para golfistas, pistas de hielo y similares.
• Recibir e informar a los turistas sobre las características del recorrido y el lugar de la visita, el tiempo que invertirán, y los servicios que ofrece el lugar.
• Guiar y orientar a personas y/o a grupos sobre aspectos relevantes como la historia, cultura, datos geográficos, entre otros aspectos de los lugares de interés y/o esparcimiento, en español u otro idioma.
• Realizar otras funciones afines.

Ocupaciones:

• Guía de buceo.
• Guía de excursión.
• Guía de sitios arqueológicos.",1
"4233","Modelos de moda, arte y publicidad","Los trabajadores clasificados en este grupo unitario lucen y presentan prendas de vestir, accesorios y otros artículos destinados a la venta, o actúan como modelos para la creación artística o publicitaria.

Funciones:

• Vestir la ropa y accesorios que se les indica en presentaciones, desfiles y similares para mostrar la moda en boga o el estilo que se está promocionando.
• Aplicar las técnicas del modelaje para hacer resaltar mejor el estilo y las características de la vestimenta o artículo modelado.
• Posar para artistas, fotógrafos de arte, escultores, pintores y similares durante la realización de obras de arte y comerciales publicitarios, tales como carteles, televisión, cine, videos, etcétera.
• Realizar otras funciones afines.

Ocupaciones:

• Modelo.",1
"4312","Trabajadores en el alquiler de bienes muebles (loza, películas, videojuegos, etcétera)","Los trabajadores clasificados en este grupo unitario atienden a clientes y reciben solicitudes de alquiler de bienes muebles tales como ropa, equipo, herramientas y vehículos, películas, equipo para fiestas, entre otros bienes.

Funciones:

• Atender a clientes de la agencia que rentan artículos y recibir las solicitudes de alquiler.
• Recomendar a clientes artículos que ofrece el establecimiento en alquiler de acuerdo con las necesidades que éstos les plantean.
• Preparar formatos de renta y solicitar la firma del cliente, entre otro tipo de información, como permisos necesarios. 
• Calcular cargos con base en la tasa de renta.
• Explicar tarifas de renta y dar infromación sobre artículos rentados, como operación o descripción. 
• Cobrar depósitos o pagos y registrar cargos por créditos.
• Inspeccionar y ajustar artículos rentados para satisfacer las necesidades del cliente. 
• Llevar registros de artículos rentados.
• Inspeccionar los artículos entregados por los clientes, una vez concluído el periodo pactado de alquiler y reportar maltratos o un mal funcionamiento.
• Realizar otras funciones afines.

Ocupaciones:

• Dependiente de viodeoclub. 
• Arrendador de autos.
• Arrendador de placas y taxi.
• Empleado de alquilador de trajes.",1
"7321",Artesanos y trabajadores en la elaboración de productos de papel y cartón,"Los trabajadores de este grupo unitario realizan las funciones necesarias para la elaboración de productos de papel y cartón, como son figuras de papel maché, papel picado para adornar, piñatas, etc., con métodos tradicionales.

Funciones:

• Diseñar, cortar, pegar, moldear y pintar figuras de papel maché.
• Doblar, cortar y picar papel para decoración.
• Cortar y pegar diferentes tipos de papel para crear piñatas.
• Realizar otras funciones afines. 

Ocupaciones:

• Artesano de flores de papel y de otros productos de papel.
• Piñatero.
• Artesano de cajas de cartón.",1
"5212","Maquillistas, manicuristas, pedicuristas y tatuadores","Los trabajadores clasificados en este grupo unitario realizan labores de cuidado del cutis, manos y pies en salones de belleza, estéticas y otros establecimientos.

Funciones:

• Maquillar el cutis de los clientes de acuerdo con sus indicaciones.
• Maquillar el rostro de los actores y artistas.
• Depilar las cejas, bigotes, vellos de las piernas con cera, cremas depilatorias y otros instrumentos.
• Aplicar y decorar uñas postizas de gel, acrílico, acrigel, seda y de otro tipo.
• Dar manicure y pedicura a los clientes que lo solicitan.
• Aplicar tratamientos faciales y otros para la piel, utilizando para ello técnicas especializadas.
• Limpiar, cortar y pintar las uñas de manos y pies.
• Tratar ligeras afecciones de los pies como callos, durezas o deformaciones de las uñas.
• Aplicar maquillaje permanente o tatuajes artísticos mediante micropigmentación, en condiciones de higiene y seguridad óptimas adecuándolas al cliente, al medio y circunstancia.
• Colocar aretes, aros, pirsin y otros artículos decorativos adecuándolas al cliente, al medio y circunstancia.
• Realizar otras funciones afines.

Ocupaciones:
• Manicurista y pedicurista.
• Aplicadora de uñas.
• Maquillista y cosmetóloga.
• Tatuador.
• Colocador de pirsin.

Incluye: A los trabajadores que tatúan la piel con motivos artísticos o estéticos, así como a los que colocan aretes, pirsin y otros artículos decorativos.",1
"7343",Bordadores y deshiladores,"Los trabajadores de este grupo unitario realizan, con métodos tradicionales, las funciones necesarias en el deshilado y bordado de productos de tejido plano como: sábanas, servilletas, colchas, cinturones, vestidos, blusas y otros artículos diversos de tela, cuero, piel y materiales similares en talleres o en su casa.

Funciones:

• Ejecutar a mano trabajos de deshilado sobre tela, para dar el acabado a prendas de vestir, manteles, carpetas, colchas, etcétera. Para ello, entresacan hilos de la tela de acuerdo al dibujo o figura que se va a formar.
• Bordar a mano dibujos decorativos sobre productos de tela, cuero, piel y materiales similares.
• Realizar otras funciones afines.

Ocupaciones:

• Bordador a máquina y mano.
• Deshilador.",1
"7344",Patronistas de productos textiles,"Los trabajadores de este grupo unitariopreparan los patrones y marcan la materia prima para confeccionar prendas de vestir, guantes y otros productos de tela.

Funciones:

• Dibujar y cortar los patrones de trajes, vestidos, camisas, blusas y otras prendas de vestir.
• Realizar otras funciones afines.

Ocupaciones:

• Patronista o modelista de prendas de vestir.",1
"7",Trabajadores artesanales,"En esta división se clasifican a las ocupaciones que realizan actividades directamente relacionadas con la producción artesanal o fabril, para lo cual extraen y tratan materias primas con el fin de elaborar y reparar productos industriales y artesanales, incluso la construcción, mantenimiento y reparación de obras para uso habitacional o industrial.

La característica principal que define a los trabajadores que se clasifican en esta división, es que, durante la elaboración y fabricación de bienes de consumo intermedio o final, mantienen bajo su control el proceso y ritmo del trabajo. Generalmente estos trabajadores conocen y ejecutan todas las etapas del proceso de producción artesanal; desde la planeación y preparación de las materias primas hasta su acabado final, a través de métodos denominados como tradicionales.

El desempeño de estas ocupaciones puede implicar el uso de herramientas manuales, mecánicas o eléctricas, con el fin de facilitar el trabajo, reducir el tiempo de ejecución de las actividades o para mejorar la calidad del trabajo.

Los trabajadores clasificados en esta división realizan sus actividades en un taller, local comercial, en minas o canteras, en obras de construcción, en la vía pública, en su propio domicilio o en el domicilio del cliente.

Incluye: También en esta división a los trabajadores que realizan labores parciales dentro del proceso de producción artesanal o fabril, como es el caso de los bordadores, linotipistas, tejedores, encuadernadores a mano, etcétera. Estas actividades se clasifican aquí porque corresponden más a un trabajo artesanal, que a las funciones que realiza un operador de maquinaria. Comprende también a los trabajadores que realizan actividades que requieren un alto grado de destreza, habilidad manual y conocimientos técnicos, como es el caso de los mineros y albañiles.

Excluye: A los ayudantes, peones y otros trabajadores auxiliares no calificados en el proceso de producción artesanal o fabril en la industria de la transformación ya que se clasifican en la división 9 Trabajadores en actividades elementales y de apoyo.",1
"72",Artesanos y trabajadores en el tratamiento y elaboración de productos de metal,"Las ocupaciones clasificadas en este grupo principal realizan actividades relacionadas con la fabricación artesanal, conservación y reparación de moldes metálicos, la soldadura y corte de metales, puertas y ventanas, así como de joyas, objetos de oro, plata, cobre y latón. Comúnmente, utilizan herramientas manuales, mecánicas y eléctricas y maquinaria no automatizada para desarrollar sus actividades.

Incluye: A los trabajadores que realizan actividades de supervisión y control de las actividades de los artesanos y trabajadores en la fabricación y conservación de productos de metal.",1
"720",Supervisores de artesanos y trabajadores en el tratamiento y elaboración de productos de metal,"Las ocupaciones clasificadas en este subgrupo contratan trabajadores, asignan y supervisan directamente las actividades del personal subalterno en la fabricación artesanal, conservación y reparación de moldes metálicos, puertas y ventanas, así como de joyas, objetos de oro, plata, cobre y latón.",1
"7201",Supervisores de artesanos y trabajadores en el tratamiento y elaboración de productos de metal,"Los trabajadores de este grupo unitario contratan trabajadores, asignan y supervisan directamente las actividades del personal subalterno en la fabricación artesanal, mantenimiento y reparación de moldes metálicos, puertas y ventanas, así como de joyas, objetos de oro, plata, cobre y latón.

Funciones:

• Programar, coordinar y supervisar las actividades de los trabajadores en la fabricación artesanal, mantenimiento y reparación de moldes metálicos, puertas y ventanas, así como de joyas, objetos de oro, plata, cobre y latón.
• Determinar el número y tipo de empleados necesarios para realizar el trabajo; programar sus actividades, calcular la nómina y efectuar el pago de la misma.
• Participar en la contratación del personal.
• Solicitar materiales y suministros.
• Capacitar a los trabajadores en aspectos relacionados con su materia de trabajo, así como en lo referente a procedimientos de seguridad y políticas de la unidad económica.
• Resolver problemas de trabajo y recomendar medidas para fomentar la productividad.
• Realizar otras funciones afines.

Ocupaciones:

• Supervisor y encargado de taller de hojalatería, laminado y pintura de metales.
• Encargado de taller de orfebrería.
• Encargado de taller de herrería.
• Encargado de taller de torno.
• Supervisor de taller de paílería y soldadores.",1
"722","Herreros, cerrajeros, joyeros y artesanos en la elaboración de productos de metal","Las ocupaciones clasificadas en este subgrupo, siguiendo métodos tradicionales, confeccionan y reparan joyas y objetos de metal (oro, plata, latón, cobre, etc.); tallan, montan y graban motivos decorativos en joyas y objetos de metal.

Incluye: Las ocupaciones que reparan cerraduras y hacen duplicados de llaves. Se considera también a los trabajadores que se especializan en pulir o bruñir superficies de metal y a los que afilan herramientas.",1
"7223","Joyeros, orfebres, plateros y pulidores de metal","Los trabajadores de este grupo unitario fabrican, ensamblan, reparan y valúan joyería fina y objetos de metales preciosos; tallan y engastan piedras preciosas y graban motivos decorativos en joyas y objetos de metales preciosos.

Funciones:

• Manufacturar joyería metálica preciosa y semipreciosa, como anillos, broches, aretes, brazaletes, relicarios, artesanías y otros objetos.
• Valuar piedras preciosas y diamantes para certificar su autenticidad, quilataje y calidad. Para ello utilizan instrumentos ópticos y de precisión.
• Manipular discos de corte, pulimentadoras y otras herramientas para cortar, dar forma y pulir piedras preciosas y sintéticas.
• Engastar piedras preciosas y semipreciosas en montaduras de joyas, de acuerdo a especificaciones.
• Dar forma a diversos artículos de metal, por medio del uso de diversas herramientas manuales, con el fin de repujar las piezas y labrarlas en relieve.
• Realizar otras funciones afines.

Ocupaciones:

• Platero y joyero.
• Pulidor de piedras preciosas y metales preciosos.

Incluye: A trabajadores que elaboran artesanías y otros objetos (hebillas, espuelas, herrajes de charrería y similares) a base de metales preciosos.",1
"735",Tapiceros y trabajadores en el tratamiento y elaboración de productos de cuero y piel,"Las ocupaciones clasificadas en este subgrupo tapizan, con métodos tradicionales, muebles, asientos y otros, como el revestimiento interior de automóviles, trenes, aviones, etc., con tela, cuero, piel, plástico o similares. También se clasifica a los trabajadores que reparan colchones.

Igualmente este contiene a las ocupaciones que preparan, cortan, tiñen, pintan y curten las pieles destinadas a la confección de prendas de vestir, zapatos y otros artículos. También se clasifican las ocupaciones relacionadas con la confección y/o reparación, con métodos tradicionales, de calzado normal o especial (ortopédico o de pieles exóticas).

Los trabajadores aquí clasificados utilizan principalmente herramientas manuales, mecánicas o eléctricas, para la elaboración de productos a base de cuero y piel natural o sintética.",1
"73","Artesanos y trabajadores en la elaboración de productos de madera, papel, textiles y de cuero y piel","En este grupo principal se clasifican las ocupaciones que fabrican, decoran, y reparan artículos de madera, bejuco, vara, carrizo, mimbre, ratán, etc., de forma artesanal. Asimismo Incluye a los trabajadores que llevan a cabo a impresión de tarjetas, postales, calendarios, tesis, etc., en talleres, como pueden ser los linotipistas, acuafortistas, tipografistas, etcétera. También se encuentran las ocupaciones que llevan a cabo actividades de impresión y revelado de fotografías por métodos tradicionales.

Los trabajadores que realizan actividades relacionadas con la preparación de fibras textiles, del cuero y piel o similares (vinil, piel sintética, etc.) para la fabricación de prendas de vestir y artículos de uso doméstico (maletas, bolsas, etc.) también se consideran para este grupo principal. Las ocupaciones comprenden desde el diseño y la confección hasta el acabado final, como pueden ser los bordadores manuales, los confeccionistas de patrones de corte de prendas de vestir, los tapizadores de muebles, los que pintan y reparan artículos de piel y sintéticos, los que reparan zapatos, etcétera.

Incluye: A los trabajadores que supervisan actividades de otros artesanos y trabajadores en la elaboración de productos de madera, papel, textiles y cuero y piel, los cuales utilizan principalmente herramientas manuales o mecánicas y eléctricas.",1
"730","Supervisores de artesanos y trabajadores en la elaboración de productos de madera, papel, textiles y de cuero y piel","Las ocupaciones clasificadas en este subgrupo contratan trabajadores, asignan y supervisan directamente las actividades de los artesanos y trabajadores en la elaboración de productos de madera, papel, textiles y de cuero y piel.",1
"7301","Supervisores de artesanos y trabajadores en la elaboración de productos de madera, papel, textiles y de cuero y piel","Los trabajadores de este grupo unitario contratan trabajadores, asignan y supervisan directamente las actividades de los artesanos y trabajadores en la elaboración de productos de madera, papel, textiles, de cuero y piel.

Funciones:

• Programar, coordinar y supervisar las actividades de los artesanos y trabajadores en la elaboración de productos de madera, papel, textiles, de cuero y piel.
• Determinar el número y tipo de empleados necesarios para realizar el trabajo; programar sus actividades, calcular la nómina y efectuar el pago de la misma.
• Participar en la contratación del personal.
• Solicitar materiales y suministros.
• Capacitar a los trabajadores en aspectos relacionados con su materia de trabajo, así como en lo referente a procedimientos de seguridad y políticas de la unidad económica.
• Resolver problemas de trabajo y recomendar medidas para fomentar la productividad.
• Realizar otras funciones afines.

Ocupaciones:

• Supervisor y encargado de taller de carpintería.
• Encargado de taller de piñatas.
• Supervisor de imprenta.
• Supervisor y encargado de taller de tenería de taller de fabricación de calzado.
• Supervisor y encargado de taller de costura y de tapicería.",1
"731",Artesanos y trabajadores en la elaboración de productos de madera,"Las ocupaciones clasificadas en este subgrupo realizan funciones de preparación para preservar la madera. También fabrican, decoran y reparan en forma artesanal artículos de madera, bejuco, vara, carrizo, mimbre, ratán y partes de madera para otros productos.",1
"732","Artesanos y trabajadores en la elaboración de productos de papel, cartón y trabajos de impresión","Las ocupaciones clasificadas en este subgrupo realizan todas las actividades en los diversos trabajos para la impresión de tarjetas, postales, tesis, fotograbado, etc., en talleres, así como a los que realizan sólo una etapa de los trabajos, como son: barnizadores, linotipistas, acuafortistas, tipografistas, etcétera.

Incluye: A los trabajadores que realizan actividades de impresión y revelado de fotografías.",1
"7322","Impresores, linotipistas, fotograbadores y encuadernadores","Los trabajadores de este grupo unitario realizan, bajo métodos tradicionales, la impresión o estampado de papel, metal, tejidos y otros materiales por serigrafía, litografía, tipografía, fotograbado, etcétera. También se clasifica a los trabajadores que encuadernan libros y realizan diversas funciones en el acabado y decoración de los mismos.

Funciones:

• Imprimir en prensas de pequeñas proporciones tarjetas, recibos de honorarios, facturas, notas de remisión, programas, calendarios, etcétera.
• Distribuir las formas, los blancos y los clisés para componer las páginas y disponerlas en orden para su impresión.
• Encuadernar a mano libros, documentos, revistas y otras publicaciones; para ello, deben ajustar y manejar prensas de encuadernación.
• Grabar con herramientas manuales dibujos decorativos o letras sobre las cubiertas de los libros.
• Manejar el teclado de las máquinas que marcan las letras en una película o en un papel sensible para ser reproducidas en placas de impresión.
• Grabar a mano planchas, cilindros y matrices de acero o cobre y clisés de madera, caucho o linóleo.
• Realizar otras funciones afines.

Ocupaciones:

• Encuadernador y empastador.
• Impresor.
• Prensista, serigrafista y fotograbador.

Incluye: A quienes graban, por diversos procedimientos, piedras litográficas, planchas, cilindros, matrices y clisés para la imprenta. Se clasifica también a quienes se especializan en armar manualmente los tipos y los disponen para su impresión.",1
"7323",Reveladores e impresores de fotografías,"Los trabajadores de este grupo unitario se especializan en el revelado de fotografías con métodos tradicionales.

Funciones:

• Preparar en recipientes especiales (cubas) las sustancias químicas que serán utilizadas para el revelado de las fotografías.
• Introducir en la cuba, la placa que va a ser revelada.
• Imprimir y ampliar fotografías en distintos tipos de papel.
• Realizar otras funciones afines.

Ocupaciones:
• Revelador e impresor de fotografías y películas.

Incluye: A los que realizan la impresión y ampliación de fotografías.",1
"733",Tejedores y trabajadores en la preparación de fibras textiles,"Las ocupaciones clasificadas en este subgrupo preparan, bajo métodos tradicionales, las fibras de lana, algodón, lino, yute, henequén, cáñamo y otras fibras textiles naturales para el hilado y bobinado.

Incluye: Las ocupaciones que manipulan un telar manual con métodos tradicionales y/o tejen a mano, utilizando ganchos y lanzaderas, para confeccionar prendas de vestir y otros artículos de tejido de punto y plano, como: encajes, cobijas, frazadas, alfombras, hamacas, redes, etcétera.",1
"734",Artesanos y trabajadores en la elaboración de productos textiles,"Este subgrupo contiene a las ocupaciones que realizan actividades relacionadas con la fabricación de prendas de vestir y artículos de uso doméstico, tales como ropa, blancos, maletas, bolsas, etc., confeccionados, principalmente a base de productos textiles.

Los trabajadores aquí clasificados realizan, por una parte, todas las actividades en la elaboración de prendas de vestir; que van desde el diseño y la confección hasta el acabado final. Por otra parte, se Incluye a los que realizan sólo una etapa de los trabajos: es el caso de los bordadores manuales, los confeccionistas de los patrones de prendas de vestir, los que preparan, cortan y tiñen las telas para trabajos posteriores.

Los trabajadores aquí clasificados utilizan principalmente herramientas manuales, mecánicas o eléctricas durante el proceso de confección de prendas de vestir, blancos, telas, alfombras y otros productos textiles.",1
"7342",Artesanos y confeccionadores de productos textiles,"Los trabajadores de este grupo unitario utilizando métodos tradicionales, diseñan y confeccionan productos de tela, cuero, piel y similares, como: sábanas, colchas, fundas, colchonetas, almohadas, bolsas de tela, cinturones, etcétera.

Funciones:

• Confeccionar productos completos de tela, cuero, piel y similares, como: manteles, sábanas, colchas, bolsas, cinturones, muñecos de trapo, cojines, etcétera.
• Tomar las medidas, hacer patrones y cortar la tela.
• Realizar otras funciones afines. 

Ocupaciones:

• Artesano elaborador de balones a mano.
• Elaborador de manteles y carpetas.
• Artesana de manualidades de fieltro.",1
"7352","Peleteros, cortadores, curtidores y teñidores de cuero, piel y similares","Los trabajadores de este grupo unitario cortan telas y pieles naturales y sintéticas para confeccionar prendas de vestir, artículos de piel, partes para calzado y otros artículos.

Funciones:

• Eliminar los restos de carne y grasa de las pieles antes de curarlas.
• Manejar los instrumentos necesarios para cortar cuero.
• Tratar las pieles con soluciones especiales para curtirlas.
• Teñir o colorar las pieles.
• Alisar y estirar las pieles ya curtidas.
• Realizar otras funciones afines.

Ocupaciones:

• Peletero,  curtidor y cortador de cuero y piel.
• Teñidor de cuero, piel y similares.",1
"7353",Zapateros artesanales,"Los trabajadores de este grupo unitario confeccionan y/o reparan con métodos tradicionales, calzado normal o especial.

Funciones:

• Tomar medidas, hacer el diseño del calzado y cortar el cuero y/o piel.
• Cortar las partes del calzado.
• Coser entre sí las partes del calzado. 
• Confeccionar calzado ortopédico u otro tipo de calzado especial de acuerdo con las medidas o necesidades del cliente.
• Reparar calzado.
• Realizar otras funciones afines.

Ocupaciones:

• Zapatero artesanal.
• Reparador de calzado.",1
"74","Artesanos y trabajadores en la elaboración de productos de hule, caucho, plásticos y de sustancias químicas","Las ocupaciones clasificadas en este grupo principal elaboran productos de hule y plástico o reparan y vulcanizan neumáticos. 

Incluye: A los trabajadores que realizan actividades relacionadas con la extracción de sustancias químicas de plantas, animales y minerales no metálicos y los que elaboran, por métodos tradicionales, productos a base de compuestos o sustancias químicas. Asimismo en este grupo se clasifica a los trabajadores que contratan, asignan y supervisan las actividades de los artesanos y de los trabajadores en la elaboración de productos de hule, caucho, plástico y de sustancias químicas.",1
"740","Supervisores de artesanos y trabajadores en la elaboración de productos de hule, caucho, plásticos y de sustancias químicas","Las ocupaciones clasificadas en este subgrupo contratan trabajadores, asignan y supervisan directamente las actividades de los artesanos y trabajadores en la elaboración de productos de hule, caucho, plástico y de sustancias químicas.

Incluye: A los supervisores y encargados de talleres de reparación y vulcanización de neumáticos.",1
"7401","Supervisores de artesanos y trabajadores en la elaboración de productos de hule, caucho, plásticos y de sustancias químicas","Los trabajadores de este grupo unitario contratan trabajadores, asignan y supervisan directamente las actividades de los artesanos y trabajaros en la elaboración de productos de hule, caucho, plásticos y de sustancias químicas.

Funciones:

• Programar, coordinar y supervisar las actividades de los artesanos y trabajadores en la elaboración de hule, caucho, plásticos y de sustancias químicas. 
• Determinar el número y tipo de empleados necesarios para realizar el trabajo; programar sus actividades, calcular la nómina y efectuar el pago de la misma. 
• Participar en la contratación del personal. 
• Solicitar materiales y suministros. 
• Establecer métodos para cumplir con los planes de trabajo. 
• Capacitar a los trabajadores en aspectos relacionados con su materia de trabajo, así como en lo referente a procedimientos de seguridad y políticas de la unidad económica. 
• Resolver problemas de trabajo y recomendar medidas para fomentar la productividad. 
• Realizar otras funciones afines. 

Ocupaciones:

• Supervisor y encargado de vulcanizadora. 
• Supervisor y encargado de taller de productos de plástico. 
• Supervisor y encargado de taller artesanal de cosméticos. 

Incluye: A los supervisores y encargados de talleres de reparación y vulcanización de neumáticos.",1
"741","Artesanos y trabajadores en la elaboración de productos de hule, caucho, plásticos y de sustancias químicas","Las ocupaciones clasificadas en este subgrupo elaboran productos de hule y plástico o reparan y vulcanizan neumáticos. 

Incluye: A los trabajadores que realizan actividades relacionadas con la extracción de sustancias químicas de plantas, animales y minerales no metálicos y los que elaboran productos a base de compuestos o sustancias químicas.",1
"76","Artesanos y trabajadores en la elaboración de productos de cerámica, vidrio, azulejo y similares","Los trabajadores clasificados en este grupo principal realizan actividades relacionadas con la elaboración, por métodos tradicionales, de objetos de cerámica, vidrio y otros productos con minerales no metálicos.

Los trabajadores aquí considerados, participan en las funciones de preparación de materias primas. Elaboran moldes de arcilla y yeso. Moldean con las manos, torno o herramientas manuales objetos de loza, barro, porcelana, arcilla, mármol, yeso, concreto o piedra. Además cuecen, hornean y decoran estos objetos.

Incluye: A los trabajadores que realizan las funciones de moldeado, decorado y grabado con procedimientos artesanales, para la fabricación de diversos artículos de vidrio. Asimismo, a los trabajadores que tallan, pulen, decoran y pintan, con procedimientos artesanales, productos de hueso, coral y concha.",1
"760","Supervisores de artesanos y trabajadores en la elaboración de productos de cerámica, vidrio, azulejo y similares","Las ocupaciones clasificadas en este subgrupo contratan trabajadores, asignan y supervisan directamente las actividades de los trabajadores artesanales en la elaboración de productos de cerámica, vidrio, azulejo y similares.",1
"7601","Supervisores de artesanos y trabajadores en la elaboración de productos de cerámica, vidrio, azulejo y similares","Los trabajadores de este grupo unitario contratan trabajadores, asignan y supervisan directamente las actividades de los trabajadores en la elaboración artesanal de productos de cerámica, vidrio, azulejo y similares.

Funciones: 

• Programar, coordinar y supervisar las actividades de los trabajadores en la elaboración, por métodos tradicionales, de productos de cerámica, vidrio, azulejo y similares. 
• Determinar el número y tipo de empleados necesarios para realizar el trabajo; programar sus actividades, calcular la nómina y efectuar el pago de la misma. 
• Participar en la contratación del personal. 
• Solicitar materiales y suministros. 
• Capacitar a los trabajadores en aspectos relacionados con su materia de trabajo, así como en lo referente a procedimientos de seguridad y políticas de la unidad económica. 
• Resolver problemas de trabajo y recomendar medidas para fomentar la productividad. 
• Realizar otras funciones afines. 

Ocupaciones: 

• Supervisor o encargado de ladrillera y artesanías de barro y similares. 
• Supervisor o encargado de vidriería.",1
"761","Artesanos y trabajadores en la elaboración de productos de cerámica, vidrio, azulejo y similares","Los trabajadores clasificados en este subgrupo realizan actividades relacionadas con la elaboración, por métodos tradicionales, de objetos de cerámica, vidrio y otros productos con minerales no metálicos.

Los trabajadores aquí considerados, participan en las funciones de preparación de materias primas. Elaboran moldes de arcilla y yeso. Moldean con las manos, torno o herramientas manuales objetos de loza, barro, porcelana, arcilla, mármol, yeso, concreto o piedra. Además cuecen, hornean y decoran estos objetos.

Incluye: A los trabajadores que realizan las funciones de moldeado, decorado y grabado con procedimientos artesanales, para la fabricación de diversos artículos de vidrio. Asimismo, a los trabajadores que tallan, pulen, decoran y pintan productos de hueso, coral y concha de forma artesanal.",1
"7614","Trabajadores en la elaboración de productos de hueso, concha, coral y similares","Los trabajadores de este grupo unitario realizan con métodos tradicionales varias o todas las funciones relacionadas con la fabricación de diversos artículos de concha, hueso, coral, etc., para ello realizan funciones como pintar, cortar, pegar, etcétera.

Funciones: 

• Seleccionar el material para hacer alhajeros, ceniceros, collares, diademas, pulseras de piezas de concha, carey, coral, etcétera. 
• Hacer y formar artículos y figuras de hueso. 
• Trazar y/o grabar dibujos, monogramas o motivos decorativos en piezas de coral, carey, concha, etcétera. 
• Realizar otras funciones afines.

Ocupaciones:

• Artesano de artículos de concha, carey y coral. 
• Artesano de artículos de marfil y hueso.
• Labrador de ámbar.",1
"79","Otros trabajadores artesanales, no clasificados anteriormente","Otros trabajadores artesanales, no clasificados anteriormente.",1
"799","Otros trabajadores artesanales, no clasificados anteriormente","Otros trabajadores artesanales, no clasificados anteriormente.",1
"7999","Otros trabajadores artesanales, no clasificados anteriormente","Los trabajadores de este grupo unitario desempeñan actividades o funciones comprendidas en este subgrupo pero no se encuentran clasificados en los grupos anteriores o no especificaron de manera suficiente la ocupación que desempeñan, pero la descripción indica que se trata de un trabajador que pertenece a este grupo.",1
"97","Trabajadores de paquetería, de apoyo para espectáculos y repartidores de mercancías","Los trabajadores en este subgrupo visitan los domicilios de los consumidores de servicios públicos para registrar el consumo; cargan maletas y equipaje en hoteles, aeropuertos y terminales. Se incluye a los empacadores de mercancía y encargados de paquetería en centros de espectáculos, estadios, tiendas de autoservicio, mercados, farmacias, etcétera. Asimismo incluye a las ocupaciones relacionadas con la recolección de dinero en teléfonos públicos.",1
"8144",Operadores de máquinas para la impresión y encuadernación,"Los trabajadores clasificados en este grupo unitario controlan, operan y vigilan diversos tipos de máquinas que imprimen textos, ilustraciones, dibujos o colores sobre papel, metal y otros materiales, así como en la encuadernación de libros y grabación de sus cubiertas.

Funciones:

• Operar y vigilar prensas de cilindro y de platina, prensas rotativas, offset, litográficas y fotograbado para imprimir periódicos, carteles, revistas, libros, folletos, etcétera. 
• Operar y vigilar máquinas de encuadernación.
• Controlar y vigilar prensas para grabar motivos decorativos y letras sobre las cubiertas de los libros.
• Realizar otras funciones afines.

Ocupaciones:

• Operador de máquina para la impresión y encuadernación.
• Operador de  máquina de imprenta industrial.",1
"8155","Operadores de máquinas de lavado, blanqueo, teñido, estampado, afelpado, planchado y acabado de productos textiles, cuero, piel y similares","Los trabajadores clasificados en este grupo unitario operan máquinas que lavan, tiñen, secan, estampan, afelpan, planchan y acaban (sanforizan, impermeabilizan, satinan, etc.), las telas para ser usadas en la industria textil. También se clasifica a los trabajadores que operan máquinas que tratan las pieles (pelan, curten, tiñen y planchan) que son utilizadas en la industria textil y del zapato. 

Funciones:

• Operar una máquina que impregna los tejidos con sustancias colorantes.
• Atender y vigilar máquinas que sanforizan las telas, para evitar su encogimiento al ser lavados.
• Controlar la máquina que decolora los tejidos de telas.
• Controlar la máquina que afelpa los tejidos para dar volúmen y tacto a las telas.
• Operar un equipo de tambores utilizados para mejorar, pelar, cortar y teñir las pieles.
• Atender, accionar y vigilar máquinas que lavan o limpian en seco fibras y productos textiles o artículos de piel y cuero para eliminar el polvo, manchas e impurezas, productos químicos sobrantes o su goma natural.
• Atender, accionar y vigilar máquinas para impermeabilizar los tejidos mediante productos químicos.
• Atender, accionar y vigilar máquinas que aderezan la seda para darle peso y cuerpo.
• Atender, accionar y vigilar máquinas que prensan, planchan, estiran, satinan o someten los tejidos a tratamientos de acabado. 
• Realizar otras funciones afines.

Ocupaciones:

• Operador de máquina para el lavado y planchado de textiles.
• Operador de máquina en el tratado y teñido de textiles. 
• Operador de máquina teñidora. 
• Operador de máquina afelpadora. 
• Operador de tórculo. 
• Operador de máquina estampadora. 
• Estampador de tejidos en fábrica.

Excluye: A los lavanderos y tintoreros de los establecimientos de servicios, ya que se clasifican en el subgrupo 964 Lavanderos y planchadores.",1
"9713","Trabajadores de apoyo a la realización de espectáculos, deportes y en parques de diversiones","Los trabajadores clasificados en este grupo unitario se dedican a apoyar la realización de espectáculos en diversos establecimientos como cines, teatros, discotecas, clubes deportivos, etcétera. 

Funciones:

• Recoger las pelotas en juegos de tenis y futbol.
• Accionar y vigilar el funcionamiento de juegos mecánicos en ferias y parques.
• Vigilar el funcionamiento de video juegos y atender a los clientes.
• Acomodar a las personas en sus asientos en cines o teatros.
• Realizar otras funciones afines.

Ocupaciones:

• Encargado y trabajador de máquinas de video juegos y juegos mecánicos.
• Cadi.
• Salvavidas.
• Apuntador de teatro.
• Cargador de instrumentos musicales.",1
"1422","Directores y gerentes de museos, cines y otros establecimientos deportivos y culturales","Los trabajadores clasificados en este grupo unitario llevan a cabo la dirección, administración o gerencia de área o de un establecimiento dedicado a la prestación de servicios de esparcimiento, recreativo, entre otros, como puede ser: la dirección de un centro cultural, biblioteca, museo, cine, teatro, centro deportivo, agencia de viaje, etcétera.

Funciones:

• Planificar y dirigir las actividades culturales, recreativas, deportivas y de esparcimiento de  la institución que representan.
• Coordinar la preparación de presupuestos y evaluar la situación financiera de la institución.
• Definir las unidades operativas, responsabilidades y líneas de autoridad, así como evaluar el rendimiento del personal.
• Realizar otras funciones afines.

Ocupaciones:

• Administrador de agencia de viajes.
• Administrador de billar.
• Director de biblioteca.
• Gerente de parque de diversiones.
• Gerente de discoteca.",1
"2173",Cantantes,"Las ocupaciones clasificadas en este grupo unitario interpretan canciones, solos o en grupo, para una audiencia en vivo o para transmisiones o grabaciones en empresas de radio, cine, televisión y teatro.

Funciones:

• Seleccionar las piezas a interpretar.
• Estudiar y ensayar las partituras y letras de las piezas elegidas para crear sus propias interpretaciones.
• Interpretar vocalmente y en diversos escenarios canciones, ya sea como solistas o como parte de un grupo coral.
• Interpretar melodías de su repertorio en diversos estudios de grabación.
• Realizar otras funciones afines.

Ocupaciones:

• Cantante.
• Trovador.",1
"2151",Escritores y críticos literarios,"Las ocupaciones clasificadas en este grupo unitario crean, escriben o adaptan obras literarias, como: novelas, ensayos, cuentos, poesías, etc., para su publicación o representación escénica en cine, radio, televisión o teatro. También pueden evaluar o comentar los méritos de obras artísticas: teatrales, literarias, pictóricas, musicales, etcétera.

Funciones:

• Crear y escribir obras literarias para su publicación o representación en teatro, cine, radio y televisión.
• Crear y escribir guiones, y/o adaptar obras literarias para su presentación en teatro, cine, radio y televisión. Tramitar, ante la institución correspondiente, el registro de autor de sus obras.
• Investigar en torno a estilos, nuevas estructuras formales y demás temáticas para fundamentar los temas a tratar en las obras literarias.
• Escribir obras literarias, poéticas, científicas, de difusión informativa, entre otros fines.
• Revisar y corregir la ortografía y el estilo de la obra literaria.
• Investigar y compilar información para redactar textos sobre acontecimientos y sucesos de interés general o de temas específicos, con base en el perfil de la publicación.
• Realizar otras funciones afines.

Ocupaciones:

• Escritor y poeta.
• Crítico literario.
• Argumentista de teatro y cine.",1
"2161",Pintores,"Las ocupaciones clasificadas en este grupo unitario representan, mediante diversas técnicas pictóricas, formas, composiciones, paisajes, etc., abstractos o figurativos en cuadros de caballete, murales, etcétera.

Funciones:

• Plasmar pinturas representativas o abstractas en tela, madera, murales, cuadros de caballete, etc., utilizando acuarela, tinta, óleo u otras técnicas.
• Estudiar las ideas que proporciona el jefe o el cliente e intercambiar información con ellos, para determinar el estilo, procedimiento, etc., de la pintura.
• Bocetar el diseño de acuerdo con las instrucciones recibidas y someterlo a aprobación.
• Elaborar estudios y bocetos que les ayuden a plasmar la obra definitiva.
• Realizar otras funciones afines.

Ocupaciones:

• Pintor artístico.",1
"2162","Dibujantes y diseñadores artísticos, ilustradores y grabadores","Las ocupaciones clasificadas en este grupo unitario realizan la creación y diseño de obras de arte como caricaturas, dibujos, grabados, etcétera.

Funciones:

• Estudiar las ideas que proporciona el jefe o el cliente e intercambiar información con ellos, para determinar el estilo, procedimiento, etc., del dibujo y caricatura.
• Elaborar bocetos del diseño de acuerdo con las instrucciones recibidas y someterlo a aprobación.
• Dibujar y formar las ilustraciones para las portadas, interiores de libros, revistas y otras publicaciones. Para ello, utilizan diversos medios y técnicas: lápiz, pluma, pastel, óleo, etcétera.
• Corregir, en su caso, los originales existentes, de acuerdo con las indicaciones de su jefe o del cliente.
• Realizar otras funciones afines.

Ocupaciones:

• Caricaturista y retratista.
• Diseñador artístico.
• Grabador artístico.",1
"2174",Bailarines y coreógrafos,"Las ocupaciones clasificadas en este grupo unitario ejecutan diferentes tipos de bailes (folklóricos o regionales, clásicos, modernos, etc.), ya sea solos, en pareja o como integrantes de un grupo, para su presentación en cine, televisión o en otros lugares como: teatros, centros nocturnos, discotecas, etc., con fines culturales o de entretenimiento.

Funciones:

• Interpretar algunos tipos de danzas o bailes (folklóricos, clásicos, modernos, etc.) ya sea solo, en pareja o como integrante de un grupo.
• Ensayar los bailes bajo la dirección de un director o coreógrafo.
• Efectuar bailables de fondo para acompañar a cantantes, cómicos, etcétera.
• Crear, de acuerdo a las necesidades de una pieza musical y según los diversos tipos de espectáculos, historias, temas o argumentos, los bailables o danzas que han de interpretarse.
• Realizar otras funciones afines.

Ocupaciones:

• Danzante.
• Striper.
• Coreógrafo.

Incluye: A los coreógrafos que crean los pasos, movimientos, gestos y evoluciones de baile que se adaptan a una pieza musical en diversos tipos de espectáculos y que deben ejecutar bailarines, actores o cantantes en un escenario.",1
"2655",Fotógrafos.,"Las ocupaciones clasificadas en este grupo unitario capturan, almacenan, retocan y reproducen imágenes de personas, paisajes, objetos, etcétera, en diversas situaciones mediante una cámara fotográfica de visor directo, con telémetro, réflex, subacuática, entre otros equipos.

Funciones:

• Capturar, retocar e imprimir imágenes de personas en diferentes formatos de fotografía (infantil, certificado, pasaporte, grupal, etcétera) en un estudio fotográfico o en exteriores.
• Aplicar sus conocimientos en exposición de película a la luz, apertura del diafragma del objetivo, velocidad del obturador, profundidad del campo, tablas de enfoque, exposiciones y velocidades; con el fin de seleccionar la toma adecuada de la imagen.
• Ensamblar e instalar equipo de fotografía como soportes y trípodes, elementos de escenografía, flash y filtros, de acuerdo a especificaciones y necesidades de la sesión fotográfica.
• Asistir a eventos sociales, políticos, religiosos, locaciones naturales, para captar imágenes        de diferentes sucesos y reproducir, o en su caso, retocar películas para registrar datos o acontecimientos científicos. Pueden realizarse las tomas fotográficas también desde aire o acuáticas.
• Captar imágenes de objetos y, en su caso, retocar o adicionar elementos de publicidad para su impresión en revistas, periódicos, carteles, etcétera.
• Operar un equipo de cómputo y software especializado para manipular y mejorar las imágenes digitales y crear los efectos deseados según especificaciones del cliente.
• Preparar compuestos y sustancias químicas para el revelado y secado de fotografías.
• Realizar otras funciones afines.

Ocupaciones:

• Fotógrafo artístico.
• Fotógrafo de publicidad y comercial.",1
"7313","Artesanos de productos de bejuco, vara, palma, carrizo y mimbre, excepto madera","Los trabajadores de este grupo unitario fabrican objetos y muebles de bejuco, vara, palma, carrizo y mimbre con métodos tradicionales, para ello realizan el diseño, corte, unión y barnizado de los objetos producidos.

Funciones:

• Diseñar, cortar y pegar las piezas de los muebles (sillas, mesas, sofás, etc.) de bejuco, carrizo o mimbre.
• Reparar sillas, lámparas y otros artículos de mimbre, bejuco, palma, carrizo, etcétera.
• Diseñar, cortar y armar artículos decorativos de carrizo, palma, mimbre, como son macetas, cortinas, alhajeros, etcétera.
• Realizar otras funciones afines. 

Ocupaciones:

• Artesano de productos de palma.
• Artesano de productos de carrizo, vara y mimbre.
• Artesano de sombreros de jipi y otros artículos de palma.",1
"7332",Tejedores de fibras,"Los trabajadores de este grupo unitariomanipulan un telar manual con métodos tradicionales y/o tejen a mano, utilizando ganchos y lanzaderas, para confeccionar prendas de vestir y otros artículos de tejido de punto y plano, como: encajes, cobijas, frazadas, alfombras, hamacas, redes, etcétera.

Funciones:

• Tender en el telar los hilos de la urdimbre y/o tejer a mano.
• Confeccionar con telares y/o tejido a mano, telas, tapices, rebozos, huipiles, sarapes, encajes, alfombras, manteles y otros tejidos.
• Confeccionar a mano géneros de punto como: suéteres, blusas, chalecos, etcétera.
• Confeccionar a mano artículos de punto de ganchillo o artículos de pasamanería.
• Realizar otras funciones afines.

Ocupaciones:

• Artesano en telar de cintura.
• Tejedor de servilleta.
• Urdidor de hamacas.",1
"7611",Alfareros y trabajadores ceramistas,"Los trabajadores de este grupo unitario diseñan y fabrican con métodos tradicionales objetos de cerámica, como: macetas, vajillas, ollas, tazas, etcétera.

Funciones:

• Fabricar objetos de barro, loza y porcelana. Fabricar moldes de arcilla y yeso.
• Fabricar objetos de cerámica modelando con las manos el barro que gira en un torno de alfarero o utilizando un torno semiautomático con terrajas o calibres. 
• Fabricar piezas de cerámica vaciando la arcilla semilíquida en moldes de yeso. 
• Fabricar piezas de cerámica comprimiendo con las manos la masa de arcilla sobre un molde. 
• Manejar una prensa de husillo o una prensa hidráulica para fabricar piezas de cerámica con polvo de arcilla. 
• Manejar una prensa para convertir, por extrusión, la masa de arcilla en una tira continua destinada a tratamiento posterior. 
• Fabricar muelas abrasivas vaciando y comprimiendo en moldes la mezcla abrasiva que le dará esa característica. 
• Realizar otras funciones afines. 

Ocupaciones:

• Alfarero y ceramista.",1
